Module,Type,Bit Index,0 Count,1 Count
grid_clb_1__2_,routing,74.555,25.445
grid_clb_1__2_,routing,82.185,17.815
grid_clb_1__2_,routing,85.28,14.72
grid_clb_1__2_,routing,86.665,13.335
grid_clb_1__2_,routing,83.4,16.6
grid_clb_1__2_,routing,88.1,11.9
grid_clb_1__2_,routing,89.56,10.44
grid_clb_1__2_,routing,90.825,9.175
grid_clb_1__2_,routing,76.3,23.7
grid_clb_1__2_,routing,82.99,17.01
grid_clb_1__2_,routing,85.115,14.885
grid_clb_1__2_,routing,86.775,13.225
grid_clb_1__2_,routing,79.37,20.63
grid_clb_1__2_,routing,85.075,14.925
grid_clb_1__2_,routing,87.23,12.77
grid_clb_1__2_,routing,89.13,10.87
grid_clb_1__2_,routing,81.52,18.48
grid_clb_1__2_,routing,86.74,13.26
grid_clb_1__2_,routing,88.47,11.53
grid_clb_1__2_,routing,89.93,10.07
grid_clb_1__2_,routing,83.965,16.035
grid_clb_1__2_,routing,88.87,11.13
grid_clb_1__2_,routing,90.44,9.56
grid_clb_1__2_,routing,91.225,8.775
grid_clb_1__2_,routing,81.82,18.18
grid_clb_1__2_,routing,87.05,12.95
grid_clb_1__2_,routing,88.64,11.36
grid_clb_1__2_,routing,89.7,10.3
grid_clb_1__2_,routing,88.69,11.31
grid_clb_1__2_,routing,91.9,8.1
grid_clb_1__2_,routing,92.93,7.07
grid_clb_1__2_,routing,93.77,6.23
grid_clb_1__2_,routing,89.975,10.025
grid_clb_1__2_,routing,92.7,7.3
grid_clb_1__2_,routing,93.745,6.255
grid_clb_1__2_,routing,94.505,5.495
grid_clb_1__2_,routing,91.1,8.9
grid_clb_1__2_,routing,93.445,6.555
grid_clb_1__2_,routing,94.085,5.915
grid_clb_1__2_,routing,95.065,4.935
grid_clb_1__2_,routing,84.005,15.995
grid_clb_1__2_,routing,88.775,11.225
grid_clb_1__2_,routing,89.92,10.08
grid_clb_1__2_,routing,90.82,9.18
grid_clb_1__2_,routing,84.06,15.94
grid_clb_1__2_,routing,89.03,10.97
grid_clb_1__2_,routing,90.48,9.52
grid_clb_1__2_,routing,91.155,8.845
grid_clb_1__2_,routing,86.89,13.11
grid_clb_1__2_,routing,90.595,9.405
grid_clb_1__2_,routing,91.46,8.54
grid_clb_1__2_,routing,92.485,7.515
grid_clb_1__2_,routing,87.59,12.41
grid_clb_1__2_,routing,90.915,9.085
grid_clb_1__2_,routing,92.08,7.92
grid_clb_1__2_,routing,92.675,7.325
grid_clb_1__2_,routing,92.655,7.345
grid_clb_1__2_,routing,94.575,5.425
grid_clb_1__2_,routing,95.285,4.715
grid_clb_1__2_,routing,95.865,4.135
grid_clb_1__2_,routing,88.695,11.305
grid_clb_1__2_,routing,91.78,8.22
grid_clb_1__2_,routing,92.875,7.125
grid_clb_1__2_,routing,93.59,6.41
grid_clb_1__2_,lut_data,53.6,46.4
grid_clb_1__2_,lut_data,100.0,0.0
grid_clb_1__2_,lut_data,74.9,25.1
grid_clb_1__2_,lut_data,76.205,23.795
grid_clb_1__2_,lut_data,75.84,24.16
grid_clb_1__2_,lut_data,77.295,22.705
grid_clb_1__2_,lut_data,75.205,24.795
grid_clb_1__2_,lut_data,76.49,23.51
grid_clb_1__2_,lut_data,76.245,23.755
grid_clb_1__2_,lut_data,77.65,22.35
grid_clb_1__2_,lut_data,76.185,23.815
grid_clb_1__2_,lut_data,77.945,22.055
grid_clb_1__2_,lut_data,76.53,23.47
grid_clb_1__2_,lut_data,77.995,22.005
grid_clb_1__2_,lut_data,76.56,23.44
grid_clb_1__2_,lut_data,77.88,22.12
grid_clb_1__2_,lut_data,76.89,23.11
grid_clb_1__2_,lut_data,78.24,21.76
grid_clb_1__2_,lut_data,66.9,33.1
grid_clb_1__2_,lut_data,100.0,0.0
grid_clb_1__2_,lut_data,83.185,16.815
grid_clb_1__2_,lut_data,83.135,16.865
grid_clb_1__2_,lut_data,83.095,16.905
grid_clb_1__2_,lut_data,82.97,17.03
grid_clb_1__2_,lut_data,83.15,16.85
grid_clb_1__2_,lut_data,83.335,16.665
grid_clb_1__2_,lut_data,83.325,16.675
grid_clb_1__2_,lut_data,83.21,16.79
grid_clb_1__2_,lut_data,83.215,16.785
grid_clb_1__2_,lut_data,83.215,16.785
grid_clb_1__2_,lut_data,83.615,16.385
grid_clb_1__2_,lut_data,83.635,16.365
grid_clb_1__2_,lut_data,83.57,16.43
grid_clb_1__2_,lut_data,83.78,16.22
grid_clb_1__2_,lut_data,83.92,16.08
grid_clb_1__2_,lut_data,83.885,16.115
grid_clb_1__2_,lut_data,72.635,27.365
grid_clb_1__2_,lut_data,100.0,0.0
grid_clb_1__2_,lut_data,85.21,14.79
grid_clb_1__2_,lut_data,85.615,14.385
grid_clb_1__2_,lut_data,86.45,13.55
grid_clb_1__2_,lut_data,86.815,13.185
grid_clb_1__2_,lut_data,85.77,14.23
grid_clb_1__2_,lut_data,85.965,14.035
grid_clb_1__2_,lut_data,86.475,13.525
grid_clb_1__2_,lut_data,87.04,12.96
grid_clb_1__2_,lut_data,85.49,14.51
grid_clb_1__2_,lut_data,85.965,14.035
grid_clb_1__2_,lut_data,86.415,13.585
grid_clb_1__2_,lut_data,86.685,13.315
grid_clb_1__2_,lut_data,85.96,14.04
grid_clb_1__2_,lut_data,86.355,13.645
grid_clb_1__2_,lut_data,86.425,13.575
grid_clb_1__2_,lut_data,86.975,13.025
grid_clb_1__2_,lut_data,76.42,23.58
grid_clb_1__2_,lut_data,100.0,0.0
grid_clb_1__2_,lut_data,86.7,13.3
grid_clb_1__2_,lut_data,87.3,12.7
grid_clb_1__2_,lut_data,87.055,12.945
grid_clb_1__2_,lut_data,87.825,12.175
grid_clb_1__2_,lut_data,88.04,11.96
grid_clb_1__2_,lut_data,88.72,11.28
grid_clb_1__2_,lut_data,88.295,11.705
grid_clb_1__2_,lut_data,89.06,10.94
grid_clb_1__2_,lut_data,87.46,12.54
grid_clb_1__2_,lut_data,87.955,12.045
grid_clb_1__2_,lut_data,87.78,12.22
grid_clb_1__2_,lut_data,88.16,11.84
grid_clb_1__2_,lut_data,88.51,11.49
grid_clb_1__2_,lut_data,88.915,11.085
grid_clb_1__2_,lut_data,88.985,11.015
grid_clb_1__2_,lut_data,89.22,10.78
cby_1__2_,routing,96.125,3.875
cby_1__2_,routing,93.8,6.2
cby_1__2_,routing,99.16,0.84
cby_1__2_,routing,99.765,0.235
cby_1__2_,routing,93.955,6.045
cby_1__2_,routing,93.685,6.315
cby_1__2_,routing,94.81,5.19
cby_1__2_,routing,97.76,2.24
cby_1__2_,routing,94.39,5.61
cby_1__2_,routing,94.72,5.28
cby_1__2_,routing,97.76,2.24
cby_1__2_,routing,98.305,1.695
cby_1__2_,routing,92.795,7.205
cby_1__2_,routing,88.735,11.265
cby_1__2_,routing,93.975,6.025
cby_1__2_,routing,97.98,2.02
cby_1__2_,routing,90.83,9.17
cby_1__2_,routing,90.305,9.695
cby_1__2_,routing,92.045,7.955
cby_1__2_,routing,95.075,4.925
cbx_1__1_,routing,93.335,6.665
cbx_1__1_,routing,93.885,6.115
cbx_1__1_,routing,94.825,5.175
cbx_1__1_,routing,99.405,0.595
cbx_1__1_,routing,92.08,7.92
cbx_1__1_,routing,89.675,10.325
cbx_1__1_,routing,91.35,8.65
cbx_1__1_,routing,97.485,2.515
cbx_1__1_,routing,91.56,8.44
cbx_1__1_,routing,87.995,12.005
cbx_1__1_,routing,93.54,6.46
cbx_1__1_,routing,100.0,0.0
cbx_1__1_,routing,92.55,7.45
cbx_1__1_,routing,93.97,6.03
cbx_1__1_,routing,96.47,3.53
cbx_1__1_,routing,99.53,0.47
cbx_1__1_,routing,95.355,4.645
cbx_1__1_,routing,93.705,6.295
cbx_1__1_,routing,96.145,3.855
cbx_1__1_,routing,100.0,0.0
sb_1__1_,routing,94.035,5.965
sb_1__1_,routing,79.745,20.255
sb_1__1_,routing,79.06,20.94
sb_1__1_,routing,95.395,4.605
sb_1__1_,routing,91.36,8.64
sb_1__1_,routing,79.02,20.98
sb_1__1_,routing,95.815,4.185
sb_1__1_,routing,94.42,5.58
sb_1__1_,routing,81.89,18.11
sb_1__1_,routing,88.91,11.09
sb_1__1_,routing,84.955,15.045
sb_1__1_,routing,98.49,1.51
sb_1__1_,routing,85.695,14.305
sb_1__1_,routing,97.63,2.37
sb_1__1_,routing,88.185,11.815
sb_1__1_,routing,93.32,6.68
sb_1__1_,routing,92.05,7.95
sb_1__1_,routing,81.16,18.84
sb_1__1_,routing,84.05,15.95
sb_1__1_,routing,88.68,11.32
sb_1__1_,routing,93.92,6.08
sb_1__1_,routing,97.12,2.88
sb_1__1_,routing,96.995,3.005
sb_1__1_,routing,97.715,2.285
sb_1__1_,routing,91.74,8.26
sb_1__1_,routing,84.415,15.585
sb_1__1_,routing,91.145,8.855
sb_1__1_,routing,98.755,1.245
sb_1__1_,routing,76.735,23.265
sb_1__1_,routing,85.495,14.505
sb_1__1_,routing,95.76,4.24
sb_1__1_,routing,98.76,1.24
sb_1__1_,routing,74.68,25.32
sb_1__1_,routing,85.345,14.655
sb_1__1_,routing,88.66,11.34
sb_1__1_,routing,97.005,2.995
sb_1__1_,routing,74.115,25.885
sb_1__1_,routing,84.585,15.415
sb_1__1_,routing,82.535,17.465
sb_1__1_,routing,83.995,16.005
sb_1__1_,routing,92.1,7.9
sb_1__1_,routing,90.675,9.325
sb_1__1_,routing,91.89,8.11
sb_1__1_,routing,98.19,1.81
sb_1__1_,routing,78.37,21.63
sb_1__1_,routing,80.695,19.305
sb_1__1_,routing,88.095,11.905
sb_1__1_,routing,79.015,20.985
sb_1__1_,routing,86.985,13.015
sb_1__1_,routing,92.54,7.46
sb_1__1_,routing,86.795,13.205
sb_1__1_,routing,89.96,10.04
sb_1__1_,routing,67.8,32.2
sb_1__1_,routing,84.59,15.41
sb_1__1_,routing,67.33,32.67
sb_1__1_,routing,80.225,19.775
sb_1__1_,routing,77.91,22.09
sb_1__1_,routing,88.825,11.175
sb_1__1_,routing,83.335,16.665
sb_1__1_,routing,84.565,15.435
sb_1__1_,routing,88.005,11.995
sb_1__1_,routing,93.665,6.335
sb_1__1_,routing,96.865,3.135
sb_1__1_,routing,96.18,3.82
sb_1__1_,routing,90.715,9.285
sb_1__1_,routing,89.865,10.135
sb_1__1_,routing,90.09,9.91
sb_1__1_,routing,99.09,0.91
sb_1__1_,routing,90.48,9.52
sb_1__1_,routing,88.75,11.25
sb_1__1_,routing,89.295,10.705
sb_1__1_,routing,98.87,1.13
sb_1__1_,routing,80.95,19.05
sb_1__1_,routing,79.645,20.355
sb_1__1_,routing,87.78,12.22
sb_1__1_,routing,91.885,8.115
sb_1__1_,routing,74.155,25.845
sb_1__1_,routing,80.735,19.265
sb_1__1_,routing,70.265,29.735
sb_1__1_,routing,80.515,19.485
grid_clb_2__2_,routing,73.06,26.94
grid_clb_2__2_,routing,77.99,22.01
grid_clb_2__2_,routing,77.085,22.915
grid_clb_2__2_,routing,87.615,12.385
grid_clb_2__2_,routing,80.465,19.535
grid_clb_2__2_,routing,84.06,15.94
grid_clb_2__2_,routing,84.665,15.335
grid_clb_2__2_,routing,90.525,9.475
grid_clb_2__2_,routing,74.85,25.15
grid_clb_2__2_,routing,80.3,19.7
grid_clb_2__2_,routing,79.87,20.13
grid_clb_2__2_,routing,88.145,11.855
grid_clb_2__2_,routing,74.725,25.275
grid_clb_2__2_,routing,79.35,20.65
grid_clb_2__2_,routing,78.96,21.04
grid_clb_2__2_,routing,88.45,11.55
grid_clb_2__2_,routing,78.855,21.145
grid_clb_2__2_,routing,83.36,16.64
grid_clb_2__2_,routing,83.355,16.645
grid_clb_2__2_,routing,89.91,10.09
grid_clb_2__2_,routing,82.11,17.89
grid_clb_2__2_,routing,85.575,14.425
grid_clb_2__2_,routing,85.66,14.34
grid_clb_2__2_,routing,91.39,8.61
grid_clb_2__2_,routing,79.275,20.725
grid_clb_2__2_,routing,83.73,16.27
grid_clb_2__2_,routing,83.545,16.455
grid_clb_2__2_,routing,90.385,9.615
grid_clb_2__2_,routing,86.72,13.28
grid_clb_2__2_,routing,89.225,10.775
grid_clb_2__2_,routing,89.425,10.575
grid_clb_2__2_,routing,93.72,6.28
grid_clb_2__2_,routing,87.4,12.6
grid_clb_2__2_,routing,89.895,10.105
grid_clb_2__2_,routing,89.86,10.14
grid_clb_2__2_,routing,94.055,5.945
grid_clb_2__2_,routing,88.955,11.045
grid_clb_2__2_,routing,91.105,8.895
grid_clb_2__2_,routing,91.285,8.715
grid_clb_2__2_,routing,94.76,5.24
grid_clb_2__2_,routing,80.825,19.175
grid_clb_2__2_,routing,84.84,15.16
grid_clb_2__2_,routing,84.765,15.235
grid_clb_2__2_,routing,91.12,8.88
grid_clb_2__2_,routing,81.005,18.995
grid_clb_2__2_,routing,84.825,15.175
grid_clb_2__2_,routing,85.195,14.805
grid_clb_2__2_,routing,91.005,8.995
grid_clb_2__2_,routing,83.87,16.13
grid_clb_2__2_,routing,87.1,12.9
grid_clb_2__2_,routing,87.685,12.315
grid_clb_2__2_,routing,92.185,7.815
grid_clb_2__2_,routing,84.625,15.375
grid_clb_2__2_,routing,87.905,12.095
grid_clb_2__2_,routing,88.03,11.97
grid_clb_2__2_,routing,92.835,7.165
grid_clb_2__2_,routing,91.03,8.97
grid_clb_2__2_,routing,93.115,6.885
grid_clb_2__2_,routing,93.24,6.76
grid_clb_2__2_,routing,95.685,4.315
grid_clb_2__2_,routing,86.305,13.695
grid_clb_2__2_,routing,89.135,10.865
grid_clb_2__2_,routing,89.22,10.78
grid_clb_2__2_,routing,93.685,6.315
grid_clb_2__2_,lut_data,46.285,53.715
grid_clb_2__2_,lut_data,100.0,0.0
grid_clb_2__2_,lut_data,71.175,28.825
grid_clb_2__2_,lut_data,73.085,26.915
grid_clb_2__2_,lut_data,72.03,27.97
grid_clb_2__2_,lut_data,74.05,25.95
grid_clb_2__2_,lut_data,71.87,28.13
grid_clb_2__2_,lut_data,73.92,26.08
grid_clb_2__2_,lut_data,72.13,27.87
grid_clb_2__2_,lut_data,74.37,25.63
grid_clb_2__2_,lut_data,71.99,28.01
grid_clb_2__2_,lut_data,74.3,25.7
grid_clb_2__2_,lut_data,72.86,27.14
grid_clb_2__2_,lut_data,74.79,25.21
grid_clb_2__2_,lut_data,72.685,27.315
grid_clb_2__2_,lut_data,74.945,25.055
grid_clb_2__2_,lut_data,73.5,26.5
grid_clb_2__2_,lut_data,75.195,24.805
grid_clb_2__2_,lut_data,64.09,35.91
grid_clb_2__2_,lut_data,100.0,0.0
grid_clb_2__2_,lut_data,81.715,18.285
grid_clb_2__2_,lut_data,81.8,18.2
grid_clb_2__2_,lut_data,82.025,17.975
grid_clb_2__2_,lut_data,82.11,17.89
grid_clb_2__2_,lut_data,81.9,18.1
grid_clb_2__2_,lut_data,82.06,17.94
grid_clb_2__2_,lut_data,81.94,18.06
grid_clb_2__2_,lut_data,81.94,18.06
grid_clb_2__2_,lut_data,81.71,18.29
grid_clb_2__2_,lut_data,81.755,18.245
grid_clb_2__2_,lut_data,82.245,17.755
grid_clb_2__2_,lut_data,82.415,17.585
grid_clb_2__2_,lut_data,82.455,17.545
grid_clb_2__2_,lut_data,82.335,17.665
grid_clb_2__2_,lut_data,82.41,17.59
grid_clb_2__2_,lut_data,82.32,17.68
grid_clb_2__2_,lut_data,67.135,32.865
grid_clb_2__2_,lut_data,100.0,0.0
grid_clb_2__2_,lut_data,82.585,17.415
grid_clb_2__2_,lut_data,83.025,16.975
grid_clb_2__2_,lut_data,83.695,16.305
grid_clb_2__2_,lut_data,84.545,15.455
grid_clb_2__2_,lut_data,82.745,17.255
grid_clb_2__2_,lut_data,83.305,16.695
grid_clb_2__2_,lut_data,83.915,16.085
grid_clb_2__2_,lut_data,84.745,15.255
grid_clb_2__2_,lut_data,82.835,17.165
grid_clb_2__2_,lut_data,83.25,16.75
grid_clb_2__2_,lut_data,84.305,15.695
grid_clb_2__2_,lut_data,85.135,14.865
grid_clb_2__2_,lut_data,83.3,16.7
grid_clb_2__2_,lut_data,83.605,16.395
grid_clb_2__2_,lut_data,84.54,15.46
grid_clb_2__2_,lut_data,85.34,14.66
grid_clb_2__2_,lut_data,71.095,28.905
grid_clb_2__2_,lut_data,100.0,0.0
grid_clb_2__2_,lut_data,84.38,15.62
grid_clb_2__2_,lut_data,84.925,15.075
grid_clb_2__2_,lut_data,84.55,15.45
grid_clb_2__2_,lut_data,85.16,14.84
grid_clb_2__2_,lut_data,85.275,14.725
grid_clb_2__2_,lut_data,86.09,13.91
grid_clb_2__2_,lut_data,85.71,14.29
grid_clb_2__2_,lut_data,86.57,13.43
grid_clb_2__2_,lut_data,85.005,14.995
grid_clb_2__2_,lut_data,85.56,14.44
grid_clb_2__2_,lut_data,85.515,14.485
grid_clb_2__2_,lut_data,86.015,13.985
grid_clb_2__2_,lut_data,86.135,13.865
grid_clb_2__2_,lut_data,86.69,13.31
grid_clb_2__2_,lut_data,86.64,13.36
grid_clb_2__2_,lut_data,87.215,12.785
cby_2__2_,routing,90.83,9.17
cby_2__2_,routing,83.41,16.59
cby_2__2_,routing,91.475,8.525
cby_2__2_,routing,96.305,3.695
cby_2__2_,routing,89.325,10.675
cby_2__2_,routing,91.3,8.7
cby_2__2_,routing,92.47,7.53
cby_2__2_,routing,99.945,0.055
cby_2__2_,routing,84.58,15.42
cby_2__2_,routing,88.35,11.65
cby_2__2_,routing,94.48,5.52
cby_2__2_,routing,98.5,1.5
cby_2__2_,routing,94.91,5.09
cby_2__2_,routing,98.09,1.91
cby_2__2_,routing,94.96,5.04
cby_2__2_,routing,98.435,1.565
cby_2__2_,routing,90.575,9.425
cby_2__2_,routing,93.885,6.115
cby_2__2_,routing,91.32,8.68
cby_2__2_,routing,94.015,5.985
cby_2__2_,routing,95.7,4.3
cby_2__2_,routing,91.645,8.355
cby_2__2_,routing,93.685,6.315
cby_2__2_,routing,99.955,0.045
cby_2__2_,routing,98.435,1.565
cby_2__2_,routing,96.625,3.375
cby_2__2_,routing,98.7,1.3
cby_2__2_,routing,99.99,0.01
cby_2__2_,routing,94.92,5.08
cby_2__2_,routing,98.61,1.39
cby_2__2_,routing,93.16,6.84
cby_2__2_,routing,99.14,0.86
cby_2__2_,routing,97.155,2.845
cby_2__2_,routing,98.03,1.97
cby_2__2_,routing,97.58,2.42
cby_2__2_,routing,98.55,1.45
cby_2__2_,routing,95.025,4.975
cby_2__2_,routing,98.64,1.36
cby_2__2_,routing,96.04,3.96
cby_2__2_,routing,99.14,0.86
cby_2__2_,routing,95.155,4.845
cby_2__2_,routing,97.13,2.87
cby_2__2_,routing,96.02,3.98
cby_2__2_,routing,97.225,2.775
cbx_2__1_,routing,82.12,17.88
cbx_2__1_,routing,91.885,8.115
cbx_2__1_,routing,83.195,16.805
cbx_2__1_,routing,99.445,0.555
cbx_2__1_,routing,93.255,6.745
cbx_2__1_,routing,92.075,7.925
cbx_2__1_,routing,98.785,1.215
cbx_2__1_,routing,100.0,0.0
cbx_2__1_,routing,83.635,16.365
cbx_2__1_,routing,85.675,14.325
cbx_2__1_,routing,89.165,10.835
cbx_2__1_,routing,93.54,6.46
cbx_2__1_,routing,96.085,3.915
cbx_2__1_,routing,93.15,6.85
cbx_2__1_,routing,96.435,3.565
cbx_2__1_,routing,100.0,0.0
cbx_2__1_,routing,93.36,6.64
cbx_2__1_,routing,93.94,6.06
cbx_2__1_,routing,96.02,3.98
cbx_2__1_,routing,97.755,2.245
sb_2__1_,routing,98.705,1.295
sb_2__1_,routing,99.81,0.19
sb_2__1_,routing,95.39,4.61
sb_2__1_,routing,99.485,0.515
sb_2__1_,routing,96.975,3.025
sb_2__1_,routing,98.865,1.135
sb_2__1_,routing,98.725,1.275
sb_2__1_,routing,99.16,0.84
sb_2__1_,routing,98.995,1.005
sb_2__1_,routing,99.42,0.58
sb_2__1_,routing,84.515,15.485
sb_2__1_,routing,87.535,12.465
sb_2__1_,routing,96.85,3.15
sb_2__1_,routing,99.595,0.405
sb_2__1_,routing,97.655,2.345
sb_2__1_,routing,99.01,0.99
sb_2__1_,routing,99.01,0.99
sb_2__1_,routing,82.58,17.42
sb_2__1_,routing,97.655,2.345
sb_2__1_,routing,81.88,18.12
sb_2__1_,routing,75.06,24.94
sb_2__1_,routing,99.105,0.895
sb_2__1_,routing,90.84,9.16
sb_2__1_,routing,96.675,3.325
sb_2__1_,routing,98.815,1.185
sb_2__1_,routing,99.15,0.85
sb_2__1_,routing,94.56,5.44
sb_2__1_,routing,95.5,4.5
sb_2__1_,routing,89.965,10.035
sb_2__1_,routing,99.51,0.49
sb_2__1_,routing,82.815,17.185
sb_2__1_,routing,84.725,15.275
sb_2__1_,routing,98.095,1.905
sb_2__1_,routing,99.635,0.365
sb_2__1_,routing,95.825,4.175
sb_2__1_,routing,98.97,1.03
sb_2__1_,routing,95.45,4.55
sb_2__1_,routing,54.86,45.14
sb_2__1_,routing,95.92,4.08
sb_2__1_,routing,93.825,6.175
sb_2__1_,routing,86.285,13.715
sb_2__1_,routing,81.64,18.36
sb_2__1_,routing,87.33,12.67
sb_2__1_,routing,99.815,0.185
sb_2__1_,routing,54.35,45.65
sb_2__1_,routing,99.49,0.51
sb_2__1_,routing,83.845,16.155
sb_2__1_,routing,99.89,0.11
sb_2__1_,routing,84.255,15.745
sb_2__1_,routing,72.165,27.835
sb_2__1_,routing,88.035,11.965
sb_2__1_,routing,99.255,0.745
sb_2__1_,routing,90.18,9.82
sb_2__1_,routing,73.755,26.245
sb_2__1_,routing,95.52,4.48
sb_2__1_,routing,99.675,0.325
sb_2__1_,routing,92.245,7.755
sb_2__1_,routing,92.235,7.765
sb_2__1_,routing,89.505,10.495
sb_2__1_,routing,99.87,0.13
sb_2__1_,routing,94.05,5.95
sb_2__1_,routing,89.635,10.365
sb_2__1_,routing,89.61,10.39
sb_2__1_,routing,97.21,2.79
sb_2__1_,routing,81.845,18.155
sb_2__1_,routing,79.58,20.42
sb_2__1_,routing,95.8,4.2
sb_2__1_,routing,98.385,1.615
sb_2__1_,routing,87.03,12.97
sb_2__1_,routing,86.485,13.515
sb_2__1_,routing,90.3,9.7
sb_2__1_,routing,93.4,6.6
sb_2__1_,routing,85.905,14.095
sb_2__1_,routing,91.895,8.105
sb_2__1_,routing,94.41,5.59
sb_2__1_,routing,99.6,0.4
sb_2__1_,routing,72.915,27.085
sb_2__1_,routing,82.105,17.895
sb_2__1_,routing,84.885,15.115
sb_2__1_,routing,86.74,13.26
grid_clb_2__1_,routing,40.125,59.875
grid_clb_2__1_,routing,54.31,45.69
grid_clb_2__1_,routing,65.285,34.715
grid_clb_2__1_,routing,59.305,40.695
grid_clb_2__1_,routing,52.59,47.41
grid_clb_2__1_,routing,64.285,35.715
grid_clb_2__1_,routing,70.99,29.01
grid_clb_2__1_,routing,69.755,30.245
grid_clb_2__1_,routing,41.99,58.01
grid_clb_2__1_,routing,55.88,44.12
grid_clb_2__1_,routing,65.31,34.69
grid_clb_2__1_,routing,61.56,38.44
grid_clb_2__1_,routing,41.83,58.17
grid_clb_2__1_,routing,55.52,44.48
grid_clb_2__1_,routing,65.43,34.57
grid_clb_2__1_,routing,60.75,39.25
grid_clb_2__1_,routing,53.79,46.21
grid_clb_2__1_,routing,65.885,34.115
grid_clb_2__1_,routing,72.41,27.59
grid_clb_2__1_,routing,70.365,29.635
grid_clb_2__1_,routing,54.37,45.63
grid_clb_2__1_,routing,65.66,34.34
grid_clb_2__1_,routing,72.565,27.435
grid_clb_2__1_,routing,70.9,29.1
grid_clb_2__1_,routing,55.965,44.035
grid_clb_2__1_,routing,66.455,33.545
grid_clb_2__1_,routing,72.965,27.035
grid_clb_2__1_,routing,71.82,28.18
grid_clb_2__1_,routing,66.705,33.295
grid_clb_2__1_,routing,74.72,25.28
grid_clb_2__1_,routing,79.585,20.415
grid_clb_2__1_,routing,78.995,21.005
grid_clb_2__1_,routing,70.72,29.28
grid_clb_2__1_,routing,78.0,22.0
grid_clb_2__1_,routing,81.77,18.23
grid_clb_2__1_,routing,81.295,18.705
grid_clb_2__1_,routing,74.52,25.48
grid_clb_2__1_,routing,81.03,18.97
grid_clb_2__1_,routing,84.18,15.82
grid_clb_2__1_,routing,84.13,15.87
grid_clb_2__1_,routing,61.93,38.07
grid_clb_2__1_,routing,71.54,28.46
grid_clb_2__1_,routing,75.95,24.05
grid_clb_2__1_,routing,76.12,23.88
grid_clb_2__1_,routing,59.64,40.36
grid_clb_2__1_,routing,69.885,30.115
grid_clb_2__1_,routing,74.965,25.035
grid_clb_2__1_,routing,74.68,25.32
grid_clb_2__1_,routing,67.985,32.015
grid_clb_2__1_,routing,75.975,24.025
grid_clb_2__1_,routing,79.225,20.775
grid_clb_2__1_,routing,80.03,19.97
grid_clb_2__1_,routing,68.945,31.055
grid_clb_2__1_,routing,76.905,23.095
grid_clb_2__1_,routing,80.2,19.8
grid_clb_2__1_,routing,80.33,19.67
grid_clb_2__1_,routing,81.095,18.905
grid_clb_2__1_,routing,86.165,13.835
grid_clb_2__1_,routing,88.39,11.61
grid_clb_2__1_,routing,88.125,11.875
grid_clb_2__1_,routing,71.885,28.115
grid_clb_2__1_,routing,79.745,20.255
grid_clb_2__1_,routing,82.59,17.41
grid_clb_2__1_,routing,82.1,17.9
grid_clb_2__1_,lut_data,12.315,87.685
grid_clb_2__1_,lut_data,100.0,0.0
grid_clb_2__1_,lut_data,53.6,46.4
grid_clb_2__1_,lut_data,55.31,44.69
grid_clb_2__1_,lut_data,54.89,45.11
grid_clb_2__1_,lut_data,56.535,43.465
grid_clb_2__1_,lut_data,54.59,45.41
grid_clb_2__1_,lut_data,56.525,43.475
grid_clb_2__1_,lut_data,55.28,44.72
grid_clb_2__1_,lut_data,57.075,42.925
grid_clb_2__1_,lut_data,55.4,44.6
grid_clb_2__1_,lut_data,57.14,42.86
grid_clb_2__1_,lut_data,56.635,43.365
grid_clb_2__1_,lut_data,58.54,41.46
grid_clb_2__1_,lut_data,55.985,44.015
grid_clb_2__1_,lut_data,57.74,42.26
grid_clb_2__1_,lut_data,57.12,42.88
grid_clb_2__1_,lut_data,58.955,41.045
grid_clb_2__1_,lut_data,25.165,74.835
grid_clb_2__1_,lut_data,100.0,0.0
grid_clb_2__1_,lut_data,61.935,38.065
grid_clb_2__1_,lut_data,61.785,38.215
grid_clb_2__1_,lut_data,62.055,37.945
grid_clb_2__1_,lut_data,62.09,37.91
grid_clb_2__1_,lut_data,62.845,37.155
grid_clb_2__1_,lut_data,62.825,37.175
grid_clb_2__1_,lut_data,62.585,37.415
grid_clb_2__1_,lut_data,62.625,37.375
grid_clb_2__1_,lut_data,62.905,37.095
grid_clb_2__1_,lut_data,62.4,37.6
grid_clb_2__1_,lut_data,62.77,37.23
grid_clb_2__1_,lut_data,62.885,37.115
grid_clb_2__1_,lut_data,62.74,37.26
grid_clb_2__1_,lut_data,62.7,37.3
grid_clb_2__1_,lut_data,63.46,36.54
grid_clb_2__1_,lut_data,62.77,37.23
grid_clb_2__1_,lut_data,37.005,62.995
grid_clb_2__1_,lut_data,100.0,0.0
grid_clb_2__1_,lut_data,67.425,32.575
grid_clb_2__1_,lut_data,67.81,32.19
grid_clb_2__1_,lut_data,68.2,31.8
grid_clb_2__1_,lut_data,69.07,30.93
grid_clb_2__1_,lut_data,67.575,32.425
grid_clb_2__1_,lut_data,67.72,32.28
grid_clb_2__1_,lut_data,68.555,31.445
grid_clb_2__1_,lut_data,69.265,30.735
grid_clb_2__1_,lut_data,68.595,31.405
grid_clb_2__1_,lut_data,68.185,31.815
grid_clb_2__1_,lut_data,69.685,30.315
grid_clb_2__1_,lut_data,69.825,30.175
grid_clb_2__1_,lut_data,68.185,31.815
grid_clb_2__1_,lut_data,68.335,31.665
grid_clb_2__1_,lut_data,69.47,30.53
grid_clb_2__1_,lut_data,70.15,29.85
grid_clb_2__1_,lut_data,47.81,52.19
grid_clb_2__1_,lut_data,100.0,0.0
grid_clb_2__1_,lut_data,72.315,27.685
grid_clb_2__1_,lut_data,73.035,26.965
grid_clb_2__1_,lut_data,72.975,27.025
grid_clb_2__1_,lut_data,73.45,26.55
grid_clb_2__1_,lut_data,73.705,26.295
grid_clb_2__1_,lut_data,74.255,25.745
grid_clb_2__1_,lut_data,74.385,25.615
grid_clb_2__1_,lut_data,74.685,25.315
grid_clb_2__1_,lut_data,72.83,27.17
grid_clb_2__1_,lut_data,73.23,26.77
grid_clb_2__1_,lut_data,73.175,26.825
grid_clb_2__1_,lut_data,73.765,26.235
grid_clb_2__1_,lut_data,73.655,26.345
grid_clb_2__1_,lut_data,73.985,26.015
grid_clb_2__1_,lut_data,74.44,25.56
grid_clb_2__1_,lut_data,74.975,25.025
cby_2__1_,routing,83.3,16.7
cby_2__1_,routing,86.785,13.215
cby_2__1_,routing,79.51,20.49
cby_2__1_,routing,96.28,3.72
cby_2__1_,routing,86.285,13.715
cby_2__1_,routing,81.75,18.25
cby_2__1_,routing,87.78,12.22
cby_2__1_,routing,98.32,1.68
cby_2__1_,routing,80.345,19.655
cby_2__1_,routing,68.335,31.665
cby_2__1_,routing,71.04,28.96
cby_2__1_,routing,98.73,1.27
cby_2__1_,routing,96.85,3.15
cby_2__1_,routing,97.265,2.735
cby_2__1_,routing,98.04,1.96
cby_2__1_,routing,99.675,0.325
cby_2__1_,routing,97.8,2.2
cby_2__1_,routing,92.29,7.71
cby_2__1_,routing,92.38,7.62
cby_2__1_,routing,99.455,0.545
cby_2__1_,routing,86.015,13.985
cby_2__1_,routing,86.175,13.825
cby_2__1_,routing,87.075,12.925
cby_2__1_,routing,96.25,3.75
cby_2__1_,routing,89.145,10.855
cby_2__1_,routing,92.315,7.685
cby_2__1_,routing,94.69,5.31
cby_2__1_,routing,99.915,0.085
cby_2__1_,routing,91.805,8.195
cby_2__1_,routing,97.705,2.295
cby_2__1_,routing,87.35,12.65
cby_2__1_,routing,99.615,0.385
cby_2__1_,routing,89.63,10.37
cby_2__1_,routing,85.295,14.705
cby_2__1_,routing,87.105,12.895
cby_2__1_,routing,91.345,8.655
cby_2__1_,routing,96.44,3.56
cby_2__1_,routing,96.53,3.47
cby_2__1_,routing,97.605,2.395
cby_2__1_,routing,99.84,0.16
cby_2__1_,routing,96.53,3.47
cby_2__1_,routing,90.035,9.965
cby_2__1_,routing,90.41,9.59
cby_2__1_,routing,98.09,1.91
cbx_2__0_,routing,85.405,14.595
cbx_2__0_,routing,86.495,13.505
cbx_2__0_,routing,91.465,8.535
cbx_2__0_,routing,95.96,4.04
cbx_2__0_,routing,90.09,9.91
cbx_2__0_,routing,81.575,18.425
cbx_2__0_,routing,84.065,15.935
cbx_2__0_,routing,94.505,5.495
cbx_2__0_,routing,85.155,14.845
cbx_2__0_,routing,81.875,18.125
cbx_2__0_,routing,86.735,13.265
cbx_2__0_,routing,98.39,1.61
cbx_2__0_,routing,65.87,34.13
cbx_2__0_,routing,70.005,29.995
cbx_2__0_,routing,78.97,21.03
cbx_2__0_,routing,82.305,17.695
cbx_2__0_,routing,83.375,16.625
cbx_2__0_,routing,95.965,4.035
cbx_2__0_,routing,76.445,23.555
cbx_2__0_,routing,99.86,0.14
cbx_2__0_,routing,85.88,14.12
cbx_2__0_,routing,73.915,26.085
cbx_2__0_,routing,92.93,7.07
cbx_2__0_,routing,99.225,0.775
cbx_2__0_,routing,87.5,12.5
cbx_2__0_,routing,84.23,15.77
cbx_2__0_,routing,85.66,14.34
cbx_2__0_,routing,95.195,4.805
cbx_2__0_,routing,92.335,7.665
cbx_2__0_,routing,85.98,14.02
cbx_2__0_,routing,87.105,12.895
cbx_2__0_,routing,95.505,4.495
cbx_2__0_,routing,71.895,28.105
cbx_2__0_,routing,70.0,30.0
cbx_2__0_,routing,72.5,27.5
cbx_2__0_,routing,98.365,1.635
cbx_2__0_,routing,51.135,48.865
cbx_2__0_,routing,64.79,35.21
cbx_2__0_,routing,68.805,31.195
cbx_2__0_,routing,82.755,17.245
sb_2__0_,routing,92.445,7.555
sb_2__0_,routing,98.78,1.22
sb_2__0_,routing,85.2,14.8
sb_2__0_,routing,89.92,10.08
sb_2__0_,routing,70.96,29.04
sb_2__0_,routing,71.725,28.275
sb_2__0_,routing,97.225,2.775
sb_2__0_,routing,99.765,0.235
sb_2__0_,routing,91.55,8.45
sb_2__0_,routing,99.61,0.39
sb_2__0_,routing,75.865,24.135
sb_2__0_,routing,95.21,4.79
sb_2__0_,routing,80.71,19.29
sb_2__0_,routing,87.575,12.425
sb_2__0_,routing,91.425,8.575
sb_2__0_,routing,92.59,7.41
sb_2__0_,routing,78.75,21.25
sb_2__0_,routing,97.44,2.56
sb_2__0_,routing,64.63,35.37
sb_2__0_,routing,64.785,35.215
sb_2__0_,routing,91.145,8.855
sb_2__0_,routing,98.91,1.09
sb_2__0_,routing,90.59,9.41
sb_2__0_,routing,98.9,1.1
sb_2__0_,routing,75.345,24.655
sb_2__0_,routing,78.19,21.81
sb_2__0_,routing,72.31,27.69
sb_2__0_,routing,77.445,22.555
sb_2__0_,routing,95.99,4.01
sb_2__0_,routing,99.935,0.065
sb_2__0_,routing,93.68,6.32
sb_2__0_,routing,95.995,4.005
sb_2__0_,routing,83.89,16.11
sb_2__0_,routing,87.6,12.4
sb_2__0_,routing,66.56,33.44
sb_2__0_,routing,90.94,9.06
sb_2__0_,routing,95.295,4.705
sb_2__0_,routing,98.72,1.28
sb_2__0_,routing,96.555,3.445
sb_2__0_,routing,97.105,2.895
sb_2__0_,routing,85.01,14.99
sb_2__0_,routing,97.225,2.775
sb_2__0_,routing,88.425,11.575
sb_2__0_,routing,96.765,3.235
sb_2__0_,routing,87.98,12.02
sb_2__0_,routing,94.335,5.665
sb_2__0_,routing,92.9,7.1
sb_2__0_,routing,96.84,3.16
sb_2__0_,routing,83.705,16.295
sb_2__0_,routing,98.46,1.54
sb_2__0_,routing,95.405,4.595
sb_2__0_,routing,98.505,1.495
sb_2__0_,routing,37.565,62.435
sb_2__0_,routing,39.325,60.675
sb_2__0_,routing,85.735,14.265
sb_2__0_,routing,98.54,1.46
sb_2__0_,routing,93.26,6.74
sb_2__0_,routing,95.43,4.57
sb_2__0_,routing,87.54,12.46
sb_2__0_,routing,98.025,1.975
sb_2__0_,routing,93.755,6.245
sb_2__0_,routing,97.405,2.595
sb_2__0_,routing,73.07,26.93
sb_2__0_,routing,98.77,1.23
sb_2__0_,routing,94.185,5.815
sb_2__0_,routing,98.9,1.1
sb_2__0_,routing,91.38,8.62
sb_2__0_,routing,96.93,3.07
sb_2__0_,routing,95.17,4.83
sb_2__0_,routing,97.015,2.985
sb_2__0_,routing,73.41,26.59
sb_2__0_,routing,89.955,10.045
grid_clb_1__1_,routing,53.49,46.51
grid_clb_1__1_,routing,68.815,31.185
grid_clb_1__1_,routing,76.35,23.65
grid_clb_1__1_,routing,74.28,25.72
grid_clb_1__1_,routing,61.78,38.22
grid_clb_1__1_,routing,74.32,25.68
grid_clb_1__1_,routing,79.965,20.035
grid_clb_1__1_,routing,78.245,21.755
grid_clb_1__1_,routing,53.875,46.125
grid_clb_1__1_,routing,70.11,29.89
grid_clb_1__1_,routing,76.08,23.92
grid_clb_1__1_,routing,74.28,25.72
grid_clb_1__1_,routing,55.495,44.505
grid_clb_1__1_,routing,70.51,29.49
grid_clb_1__1_,routing,77.315,22.685
grid_clb_1__1_,routing,75.035,24.965
grid_clb_1__1_,routing,61.135,38.865
grid_clb_1__1_,routing,73.76,26.24
grid_clb_1__1_,routing,80.705,19.295
grid_clb_1__1_,routing,77.955,22.045
grid_clb_1__1_,routing,64.25,35.75
grid_clb_1__1_,routing,76.03,23.97
grid_clb_1__1_,routing,81.63,18.37
grid_clb_1__1_,routing,80.27,19.73
grid_clb_1__1_,routing,63.12,36.88
grid_clb_1__1_,routing,76.035,23.965
grid_clb_1__1_,routing,80.82,19.18
grid_clb_1__1_,routing,79.535,20.465
grid_clb_1__1_,routing,71.99,28.01
grid_clb_1__1_,routing,81.35,18.65
grid_clb_1__1_,routing,85.575,14.425
grid_clb_1__1_,routing,84.345,15.655
grid_clb_1__1_,routing,74.465,25.535
grid_clb_1__1_,routing,82.44,17.56
grid_clb_1__1_,routing,86.9,13.1
grid_clb_1__1_,routing,85.58,14.42
grid_clb_1__1_,routing,77.055,22.945
grid_clb_1__1_,routing,84.85,15.15
grid_clb_1__1_,routing,88.28,11.72
grid_clb_1__1_,routing,87.42,12.58
grid_clb_1__1_,routing,66.02,33.98
grid_clb_1__1_,routing,77.945,22.055
grid_clb_1__1_,routing,82.645,17.355
grid_clb_1__1_,routing,81.115,18.885
grid_clb_1__1_,routing,63.57,36.43
grid_clb_1__1_,routing,75.445,24.555
grid_clb_1__1_,routing,80.89,19.11
grid_clb_1__1_,routing,79.435,20.565
grid_clb_1__1_,routing,70.01,29.99
grid_clb_1__1_,routing,79.61,20.39
grid_clb_1__1_,routing,83.105,16.895
grid_clb_1__1_,routing,83.375,16.625
grid_clb_1__1_,routing,70.99,29.01
grid_clb_1__1_,routing,81.335,18.665
grid_clb_1__1_,routing,84.785,15.215
grid_clb_1__1_,routing,84.17,15.83
grid_clb_1__1_,routing,81.02,18.98
grid_clb_1__1_,routing,87.31,12.69
grid_clb_1__1_,routing,89.88,10.12
grid_clb_1__1_,routing,89.515,10.485
grid_clb_1__1_,routing,74.215,25.785
grid_clb_1__1_,routing,81.75,18.25
grid_clb_1__1_,routing,87.25,12.75
grid_clb_1__1_,routing,85.225,14.775
grid_clb_1__1_,lut_data,28.285,71.715
grid_clb_1__1_,lut_data,100.0,0.0
grid_clb_1__1_,lut_data,61.77,38.23
grid_clb_1__1_,lut_data,64.12,35.88
grid_clb_1__1_,lut_data,62.605,37.395
grid_clb_1__1_,lut_data,64.025,35.975
grid_clb_1__1_,lut_data,62.085,37.915
grid_clb_1__1_,lut_data,64.455,35.545
grid_clb_1__1_,lut_data,62.745,37.255
grid_clb_1__1_,lut_data,64.915,35.085
grid_clb_1__1_,lut_data,63.53,36.47
grid_clb_1__1_,lut_data,65.295,34.705
grid_clb_1__1_,lut_data,64.76,35.24
grid_clb_1__1_,lut_data,66.12,33.88
grid_clb_1__1_,lut_data,63.65,36.35
grid_clb_1__1_,lut_data,65.635,34.365
grid_clb_1__1_,lut_data,64.845,35.155
grid_clb_1__1_,lut_data,66.245,33.755
grid_clb_1__1_,lut_data,39.18,60.82
grid_clb_1__1_,lut_data,100.0,0.0
grid_clb_1__1_,lut_data,68.86,31.14
grid_clb_1__1_,lut_data,69.015,30.985
grid_clb_1__1_,lut_data,69.15,30.85
grid_clb_1__1_,lut_data,69.375,30.625
grid_clb_1__1_,lut_data,69.56,30.44
grid_clb_1__1_,lut_data,69.475,30.525
grid_clb_1__1_,lut_data,69.53,30.47
grid_clb_1__1_,lut_data,69.75,30.25
grid_clb_1__1_,lut_data,69.91,30.09
grid_clb_1__1_,lut_data,69.835,30.165
grid_clb_1__1_,lut_data,69.665,30.335
grid_clb_1__1_,lut_data,69.845,30.155
grid_clb_1__1_,lut_data,70.115,29.885
grid_clb_1__1_,lut_data,70.12,29.88
grid_clb_1__1_,lut_data,69.75,30.25
grid_clb_1__1_,lut_data,70.13,29.87
grid_clb_1__1_,lut_data,44.78,55.22
grid_clb_1__1_,lut_data,100.0,0.0
grid_clb_1__1_,lut_data,71.09,28.91
grid_clb_1__1_,lut_data,71.795,28.205
grid_clb_1__1_,lut_data,72.22,27.78
grid_clb_1__1_,lut_data,72.75,27.25
grid_clb_1__1_,lut_data,71.485,28.515
grid_clb_1__1_,lut_data,72.065,27.935
grid_clb_1__1_,lut_data,72.485,27.515
grid_clb_1__1_,lut_data,73.285,26.715
grid_clb_1__1_,lut_data,71.345,28.655
grid_clb_1__1_,lut_data,72.3,27.7
grid_clb_1__1_,lut_data,72.435,27.565
grid_clb_1__1_,lut_data,73.115,26.885
grid_clb_1__1_,lut_data,71.95,28.05
grid_clb_1__1_,lut_data,72.69,27.31
grid_clb_1__1_,lut_data,73.1,26.9
grid_clb_1__1_,lut_data,73.89,26.11
grid_clb_1__1_,lut_data,51.62,48.38
grid_clb_1__1_,lut_data,100.0,0.0
grid_clb_1__1_,lut_data,73.915,26.085
grid_clb_1__1_,lut_data,74.79,25.21
grid_clb_1__1_,lut_data,74.925,25.075
grid_clb_1__1_,lut_data,75.655,24.345
grid_clb_1__1_,lut_data,75.36,24.64
grid_clb_1__1_,lut_data,75.615,24.385
grid_clb_1__1_,lut_data,76.165,23.835
grid_clb_1__1_,lut_data,76.745,23.255
grid_clb_1__1_,lut_data,75.045,24.955
grid_clb_1__1_,lut_data,75.575,24.425
grid_clb_1__1_,lut_data,75.695,24.305
grid_clb_1__1_,lut_data,76.23,23.77
grid_clb_1__1_,lut_data,76.13,23.87
grid_clb_1__1_,lut_data,76.085,23.915
grid_clb_1__1_,lut_data,76.565,23.435
grid_clb_1__1_,lut_data,77.035,22.965
cby_1__1_,routing,90.08,9.92
cby_1__1_,routing,91.13,8.87
cby_1__1_,routing,94.6,5.4
cby_1__1_,routing,99.155,0.845
cby_1__1_,routing,77.305,22.695
cby_1__1_,routing,95.22,4.78
cby_1__1_,routing,96.52,3.48
cby_1__1_,routing,97.53,2.47
cby_1__1_,routing,82.8,17.2
cby_1__1_,routing,82.905,17.095
cby_1__1_,routing,88.86,11.14
cby_1__1_,routing,93.63,6.37
cby_1__1_,routing,86.935,13.065
cby_1__1_,routing,80.335,19.665
cby_1__1_,routing,91.3,8.7
cby_1__1_,routing,93.165,6.835
cby_1__1_,routing,90.66,9.34
cby_1__1_,routing,87.6,12.4
cby_1__1_,routing,92.98,7.02
cby_1__1_,routing,96.45,3.55
cbx_1__0_,routing,79.265,20.735
cbx_1__0_,routing,81.435,18.565
cbx_1__0_,routing,81.985,18.015
cbx_1__0_,routing,91.91,8.09
cbx_1__0_,routing,88.305,11.695
cbx_1__0_,routing,80.5,19.5
cbx_1__0_,routing,80.69,19.31
cbx_1__0_,routing,99.05,0.95
cbx_1__0_,routing,86.535,13.465
cbx_1__0_,routing,94.69,5.31
cbx_1__0_,routing,94.775,5.225
cbx_1__0_,routing,99.205,0.795
cbx_1__0_,routing,90.175,9.825
cbx_1__0_,routing,83.86,16.14
cbx_1__0_,routing,84.15,15.85
cbx_1__0_,routing,99.535,0.465
cbx_1__0_,routing,94.225,5.775
cbx_1__0_,routing,85.715,14.285
cbx_1__0_,routing,92.51,7.49
cbx_1__0_,routing,99.945,0.055
cbx_1__0_,routing,87.07,12.93
cbx_1__0_,routing,99.255,0.745
cbx_1__0_,routing,85.975,14.025
cbx_1__0_,routing,99.945,0.055
cbx_1__0_,routing,83.495,16.505
cbx_1__0_,routing,88.04,11.96
cbx_1__0_,routing,88.24,11.76
cbx_1__0_,routing,94.295,5.705
cbx_1__0_,routing,90.8,9.2
cbx_1__0_,routing,85.715,14.285
cbx_1__0_,routing,85.445,14.555
cbx_1__0_,routing,99.275,0.725
cbx_1__0_,routing,75.915,24.085
cbx_1__0_,routing,80.135,19.865
cbx_1__0_,routing,78.735,21.265
cbx_1__0_,routing,95.21,4.79
cbx_1__0_,routing,78.395,21.605
cbx_1__0_,routing,77.905,22.095
cbx_1__0_,routing,82.4,17.6
cbx_1__0_,routing,99.805,0.195
sb_1__0_,routing,97.5,2.5
sb_1__0_,routing,93.56,6.44
sb_1__0_,routing,93.19,6.81
sb_1__0_,routing,99.665,0.335
sb_1__0_,routing,83.61,16.39
sb_1__0_,routing,84.67,15.33
sb_1__0_,routing,90.505,9.495
sb_1__0_,routing,93.55,6.45
sb_1__0_,routing,88.03,11.97
sb_1__0_,routing,75.625,24.375
sb_1__0_,routing,77.01,22.99
sb_1__0_,routing,99.735,0.265
sb_1__0_,routing,72.825,27.175
sb_1__0_,routing,73.655,26.345
sb_1__0_,routing,73.74,26.26
sb_1__0_,routing,74.33,25.67
sb_1__0_,routing,88.195,11.805
sb_1__0_,routing,79.955,20.045
sb_1__0_,routing,84.36,15.64
sb_1__0_,routing,89.975,10.025
sb_1__0_,routing,69.465,30.535
sb_1__0_,routing,81.245,18.755
sb_1__0_,routing,84.54,15.46
sb_1__0_,routing,99.85,0.15
sb_1__0_,routing,66.285,33.715
sb_1__0_,routing,78.96,21.04
sb_1__0_,routing,79.31,20.69
sb_1__0_,routing,84.315,15.685
sb_1__0_,routing,85.855,14.145
sb_1__0_,routing,85.17,14.83
sb_1__0_,routing,93.38,6.62
sb_1__0_,routing,94.015,5.985
sb_1__0_,routing,58.925,41.075
sb_1__0_,routing,60.28,39.72
sb_1__0_,routing,75.6,24.4
sb_1__0_,routing,63.03,36.97
sb_1__0_,routing,68.64,31.36
sb_1__0_,routing,83.245,16.755
sb_1__0_,routing,67.26,32.74
sb_1__0_,routing,85.355,14.645
sb_1__0_,routing,83.92,16.08
sb_1__0_,routing,88.925,11.075
sb_1__0_,routing,94.095,5.905
sb_1__0_,routing,88.655,11.345
sb_1__0_,routing,92.215,7.785
sb_1__0_,routing,94.865,5.135
sb_1__0_,routing,98.07,1.93
sb_1__0_,routing,93.505,6.495
sb_1__0_,routing,93.575,6.425
sb_1__0_,routing,93.98,6.02
sb_1__0_,routing,95.795,4.205
sb_1__0_,routing,85.18,14.82
sb_1__0_,routing,97.9,2.1
sb_1__0_,routing,73.84,26.16
sb_1__0_,routing,73.855,26.145
sb_1__0_,routing,59.19,40.81
sb_1__0_,routing,65.515,34.485
sb_1__0_,routing,80.455,19.545
sb_1__0_,routing,91.825,8.175
sb_1__0_,routing,93.765,6.235
sb_1__0_,routing,97.39,2.61
sb_1__0_,routing,93.615,6.385
sb_1__0_,routing,95.3,4.7
sb_1__0_,routing,95.665,4.335
sb_1__0_,routing,99.945,0.055
sb_1__0_,routing,99.3,0.7
sb_1__0_,routing,99.41,0.59
sb_1__0_,routing,93.34,6.66
sb_1__0_,routing,96.0,4.0
sb_1__0_,routing,73.085,26.915
sb_1__0_,routing,70.585,29.415
sb_1__0_,routing,72.925,27.075
sb_1__0_,routing,74.105,25.895
sb_1__0_,routing,78.725,21.275
grid_io_left_0__1_,routing,7.625,92.375
grid_io_left_0__1_,routing,10.905,89.095
grid_io_left_0__1_,routing,7.64,92.36
grid_io_left_0__1_,routing,10.175,89.825
grid_io_left_0__1_,routing,14.355,85.645
grid_io_left_0__1_,routing,10.38,89.62
grid_io_left_0__1_,routing,11.02,88.98
grid_io_left_0__1_,routing,16.495,83.505
cby_0__1_,routing,94.56,5.44
cby_0__1_,routing,95.425,4.575
cby_0__1_,routing,97.1,2.9
cby_0__1_,routing,99.96,0.04
cby_0__1_,routing,94.035,5.965
cby_0__1_,routing,91.445,8.555
cby_0__1_,routing,91.41,8.59
cby_0__1_,routing,99.505,0.495
cby_0__1_,routing,96.215,3.785
cby_0__1_,routing,95.62,4.38
cby_0__1_,routing,97.605,2.395
cby_0__1_,routing,99.965,0.035
cby_0__1_,routing,98.44,1.56
cby_0__1_,routing,91.175,8.825
cby_0__1_,routing,92.91,7.09
cby_0__1_,routing,99.805,0.195
cby_0__1_,routing,88.105,11.895
cby_0__1_,routing,90.34,9.66
cby_0__1_,routing,90.135,9.865
cby_0__1_,routing,94.765,5.235
cby_0__1_,routing,96.685,3.315
cby_0__1_,routing,99.22,0.78
cby_0__1_,routing,92.635,7.365
cby_0__1_,routing,99.97,0.03
cby_0__1_,routing,92.91,7.09
cby_0__1_,routing,93.13,6.87
cby_0__1_,routing,96.58,3.42
cby_0__1_,routing,99.97,0.03
cby_0__1_,routing,89.495,10.505
cby_0__1_,routing,90.11,9.89
cby_0__1_,routing,90.005,9.995
cby_0__1_,routing,99.455,0.545
cby_0__1_,routing,79.025,20.975
cby_0__1_,routing,82.3,17.7
cby_0__1_,routing,85.325,14.675
cby_0__1_,routing,93.13,6.87
cby_0__1_,routing,82.08,17.92
cby_0__1_,routing,80.03,19.97
cby_0__1_,routing,81.735,18.265
cby_0__1_,routing,96.785,3.215
sb_0__0_,routing,90.045,9.955
sb_0__0_,routing,97.75,2.25
sb_0__0_,routing,77.555,22.445
sb_0__0_,routing,83.83,16.17
sb_0__0_,routing,89.815,10.185
sb_0__0_,routing,93.2,6.8
sb_0__0_,routing,96.37,3.63
sb_0__0_,routing,99.39,0.61
sb_0__0_,routing,84.975,15.025
sb_0__0_,routing,96.385,3.615
sb_0__0_,routing,68.925,31.075
sb_0__0_,routing,74.76,25.24
sb_0__0_,routing,81.445,18.555
sb_0__0_,routing,96.085,3.915
sb_0__0_,routing,96.39,3.61
sb_0__0_,routing,99.115,0.885
sb_0__0_,routing,71.95,28.05
sb_0__0_,routing,98.405,1.595
sb_0__0_,routing,82.23,17.77
sb_0__0_,routing,85.715,14.285
sb_0__0_,routing,91.485,8.515
sb_0__0_,routing,98.855,1.145
sb_0__0_,routing,80.51,19.49
sb_0__0_,routing,87.115,12.885
sb_0__0_,routing,73.54,26.46
sb_0__0_,routing,82.025,17.975
sb_0__0_,routing,86.035,13.965
sb_0__0_,routing,93.845,6.155
sb_0__0_,routing,96.33,3.67
sb_0__0_,routing,99.69,0.31
sb_0__0_,routing,90.26,9.74
sb_0__0_,routing,96.77,3.23
sb_0__0_,routing,73.58,26.42
sb_0__0_,routing,80.585,19.415
sb_0__0_,routing,71.74,28.26
sb_0__0_,routing,84.985,15.015
sb_0__0_,routing,78.73,21.27
sb_0__0_,routing,80.06,19.94
sb_0__0_,routing,96.36,3.64
sb_0__0_,routing,96.64,3.36
sb_0__0_,routing,81.205,18.795
sb_0__0_,routing,98.13,1.87
sb_0__0_,routing,94.945,5.055
sb_0__0_,routing,98.325,1.675
sb_0__0_,routing,95.875,4.125
sb_0__0_,routing,97.07,2.93
sb_0__0_,routing,94.29,5.71
sb_0__0_,routing,95.73,4.27
sb_0__0_,routing,92.465,7.535
sb_0__0_,routing,96.305,3.695
sb_0__0_,routing,89.965,10.035
sb_0__0_,routing,96.89,3.11
sb_0__0_,routing,87.44,12.56
sb_0__0_,routing,97.22,2.78
sb_0__0_,routing,72.615,27.385
sb_0__0_,routing,78.855,21.145
sb_0__0_,routing,86.86,13.14
sb_0__0_,routing,96.405,3.595
sb_0__0_,routing,91.83,8.17
sb_0__0_,routing,93.735,6.265
sb_0__0_,routing,95.495,4.505
sb_0__0_,routing,96.16,3.84
sb_0__0_,routing,86.475,13.525
sb_0__0_,routing,98.34,1.66
sb_0__0_,routing,87.01,12.99
sb_0__0_,routing,97.285,2.715
sb_0__0_,routing,97.55,2.45
sb_0__0_,routing,97.85,2.15
sb_0__0_,routing,89.005,10.995
sb_0__0_,routing,93.265,6.735
sb_0__0_,routing,78.345,21.655
sb_0__0_,routing,95.96,4.04
grid_io_left_0__2_,routing,7.355,92.645
grid_io_left_0__2_,routing,6.16,93.84
grid_io_left_0__2_,routing,10.815,89.185
grid_io_left_0__2_,routing,7.2,92.8
grid_io_left_0__2_,routing,8.03,91.97
grid_io_left_0__2_,routing,8.095,91.905
grid_io_left_0__2_,routing,5.805,94.195
grid_io_left_0__2_,routing,8.35,91.65
cby_0__2_,routing,96.68,3.32
cby_0__2_,routing,97.325,2.675
cby_0__2_,routing,94.08,5.92
cby_0__2_,routing,98.925,1.075
cby_0__2_,routing,96.275,3.725
cby_0__2_,routing,97.405,2.595
cby_0__2_,routing,95.135,4.865
cby_0__2_,routing,99.165,0.835
cby_0__2_,routing,92.78,7.22
cby_0__2_,routing,93.865,6.135
cby_0__2_,routing,91.61,8.39
cby_0__2_,routing,95.765,4.235
cby_0__2_,routing,94.41,5.59
cby_0__2_,routing,97.86,2.14
cby_0__2_,routing,96.115,3.885
cby_0__2_,routing,98.39,1.61
cby_0__2_,routing,97.17,2.83
cby_0__2_,routing,93.55,6.45
cby_0__2_,routing,97.025,2.975
cby_0__2_,routing,99.915,0.085
cby_0__2_,routing,97.03,2.97
cby_0__2_,routing,93.27,6.73
cby_0__2_,routing,96.92,3.08
cby_0__2_,routing,99.86,0.14
cby_0__2_,routing,97.19,2.81
cby_0__2_,routing,98.3,1.7
cby_0__2_,routing,95.36,4.64
cby_0__2_,routing,99.205,0.795
cby_0__2_,routing,94.57,5.43
cby_0__2_,routing,96.365,3.635
cby_0__2_,routing,94.29,5.71
cby_0__2_,routing,98.715,1.285
cby_0__2_,routing,83.355,16.645
cby_0__2_,routing,85.74,14.26
cby_0__2_,routing,87.615,12.385
cby_0__2_,routing,97.32,2.68
cby_0__2_,routing,86.695,13.305
cby_0__2_,routing,85.88,14.12
cby_0__2_,routing,88.47,11.53
cby_0__2_,routing,95.735,4.265
sb_0__1_,routing,79.5,20.5
sb_0__1_,routing,98.72,1.28
sb_0__1_,routing,83.13,16.87
sb_0__1_,routing,99.635,0.365
sb_0__1_,routing,78.175,21.825
sb_0__1_,routing,70.415,29.585
sb_0__1_,routing,82.96,17.04
sb_0__1_,routing,98.565,1.435
sb_0__1_,routing,85.635,14.365
sb_0__1_,routing,80.465,19.535
sb_0__1_,routing,71.65,28.35
sb_0__1_,routing,97.735,2.265
sb_0__1_,routing,82.035,17.965
sb_0__1_,routing,85.55,14.45
sb_0__1_,routing,98.255,1.745
sb_0__1_,routing,99.215,0.785
sb_0__1_,routing,85.45,14.55
sb_0__1_,routing,75.8,24.2
sb_0__1_,routing,84.95,15.05
sb_0__1_,routing,97.115,2.885
sb_0__1_,routing,88.96,11.04
sb_0__1_,routing,92.41,7.59
sb_0__1_,routing,96.17,3.83
sb_0__1_,routing,98.75,1.25
sb_0__1_,routing,92.11,7.89
sb_0__1_,routing,98.57,1.43
sb_0__1_,routing,98.38,1.62
sb_0__1_,routing,97.41,2.59
sb_0__1_,routing,96.31,3.69
sb_0__1_,routing,96.04,3.96
sb_0__1_,routing,94.095,5.905
sb_0__1_,routing,96.51,3.49
sb_0__1_,routing,85.49,14.51
sb_0__1_,routing,96.27,3.73
sb_0__1_,routing,79.25,20.75
sb_0__1_,routing,99.165,0.835
sb_0__1_,routing,84.845,15.155
sb_0__1_,routing,92.715,7.285
sb_0__1_,routing,90.935,9.065
sb_0__1_,routing,91.855,8.145
sb_0__1_,routing,94.485,5.515
sb_0__1_,routing,95.64,4.36
sb_0__1_,routing,95.52,4.48
sb_0__1_,routing,99.3,0.7
sb_0__1_,routing,95.845,4.155
sb_0__1_,routing,98.105,1.895
sb_0__1_,routing,93.935,6.065
sb_0__1_,routing,98.165,1.835
sb_0__1_,routing,95.135,4.865
sb_0__1_,routing,80.45,19.55
sb_0__1_,routing,98.045,1.955
sb_0__1_,routing,99.335,0.665
sb_0__1_,routing,92.045,7.955
sb_0__1_,routing,94.205,5.795
sb_0__1_,routing,95.545,4.455
sb_0__1_,routing,66.205,33.795
sb_0__1_,routing,61.955,38.045
sb_0__1_,routing,82.3,17.7
sb_0__1_,routing,65.98,34.02
sb_0__1_,routing,96.925,3.075
sb_0__1_,routing,82.655,17.345
sb_0__1_,routing,78.335,21.665
sb_0__1_,routing,90.505,9.495
sb_0__1_,routing,90.88,9.12
sb_0__1_,routing,81.33,18.67
sb_0__1_,routing,81.605,18.395
sb_0__1_,routing,96.29,3.71
sb_0__1_,routing,98.26,1.74
sb_0__1_,routing,63.525,36.475
sb_0__1_,routing,80.73,19.27
sb_0__1_,routing,78.925,21.075
sb_0__1_,routing,84.91,15.09
sb_0__1_,routing,86.065,13.935
sb_0__1_,routing,89.39,10.61
sb_0__1_,routing,82.83,17.17
sb_0__1_,routing,97.66,2.34
sb_0__2_,routing,82.135,17.865
sb_0__2_,routing,85.545,14.455
sb_0__2_,routing,96.27,3.73
sb_0__2_,routing,99.125,0.875
sb_0__2_,routing,94.82,5.18
sb_0__2_,routing,97.93,2.07
sb_0__2_,routing,94.525,5.475
sb_0__2_,routing,96.695,3.305
sb_0__2_,routing,85.075,14.925
sb_0__2_,routing,88.515,11.485
sb_0__2_,routing,94.255,5.745
sb_0__2_,routing,98.5,1.5
sb_0__2_,routing,92.995,7.005
sb_0__2_,routing,96.295,3.705
sb_0__2_,routing,97.855,2.145
sb_0__2_,routing,99.145,0.855
sb_0__2_,routing,72.845,27.155
sb_0__2_,routing,86.16,13.84
sb_0__2_,routing,96.925,3.075
sb_0__2_,routing,98.115,1.885
sb_0__2_,routing,92.91,7.09
sb_0__2_,routing,95.785,4.215
sb_0__2_,routing,69.195,30.805
sb_0__2_,routing,71.56,28.44
sb_0__2_,routing,95.155,4.845
sb_0__2_,routing,98.73,1.27
sb_0__2_,routing,82.235,17.765
sb_0__2_,routing,86.325,13.675
sb_0__2_,routing,94.04,5.96
sb_0__2_,routing,97.095,2.905
sb_0__2_,routing,84.355,15.645
sb_0__2_,routing,85.25,14.75
sb_0__2_,routing,93.32,6.68
sb_0__2_,routing,99.445,0.555
sb_0__2_,routing,90.525,9.475
sb_0__2_,routing,97.02,2.98
sb_0__2_,routing,72.115,27.885
sb_0__2_,routing,88.23,11.77
sb_0__2_,routing,97.6,2.4
sb_0__2_,routing,99.525,0.475
sb_0__2_,routing,92.9,7.1
sb_0__2_,routing,98.865,1.135
sb_0__2_,routing,96.32,3.68
sb_0__2_,routing,97.58,2.42
sb_0__2_,routing,63.055,36.945
sb_0__2_,routing,98.18,1.82
sb_0__2_,routing,91.765,8.235
sb_0__2_,routing,98.39,1.61
sb_0__2_,routing,96.765,3.235
sb_0__2_,routing,98.295,1.705
sb_0__2_,routing,98.465,1.535
sb_0__2_,routing,98.78,1.22
sb_0__2_,routing,81.195,18.805
sb_0__2_,routing,99.3,0.7
sb_0__2_,routing,87.995,12.005
sb_0__2_,routing,88.035,11.965
sb_0__2_,routing,97.53,2.47
sb_0__2_,routing,98.905,1.095
sb_0__2_,routing,80.6,19.4
sb_0__2_,routing,99.125,0.875
sb_0__2_,routing,92.845,7.155
sb_0__2_,routing,97.16,2.84
sb_0__2_,routing,98.81,1.19
sb_0__2_,routing,99.425,0.575
sb_0__2_,routing,97.76,2.24
sb_0__2_,routing,98.975,1.025
sb_0__2_,routing,62.97,37.03
sb_0__2_,routing,99.54,0.46
sb_0__2_,routing,84.765,15.235
sb_0__2_,routing,97.735,2.265
sb_0__2_,routing,97.96,2.04
sb_0__2_,routing,99.005,0.995
grid_io_top_1__3_,routing,6.245,93.755
grid_io_top_1__3_,routing,14.44,85.56
grid_io_top_1__3_,routing,6.445,93.555
grid_io_top_1__3_,routing,13.91,86.09
grid_io_top_1__3_,routing,12.845,87.155
grid_io_top_1__3_,routing,7.505,92.495
grid_io_top_1__3_,routing,13.835,86.165
grid_io_top_1__3_,routing,13.495,86.505
cbx_1__2_,routing,94.0,6.0
cbx_1__2_,routing,90.23,9.77
cbx_1__2_,routing,93.14,6.86
cbx_1__2_,routing,96.79,3.21
cbx_1__2_,routing,93.955,6.045
cbx_1__2_,routing,91.515,8.485
cbx_1__2_,routing,94.33,5.67
cbx_1__2_,routing,97.935,2.065
cbx_1__2_,routing,96.055,3.945
cbx_1__2_,routing,92.495,7.505
cbx_1__2_,routing,92.16,7.84
cbx_1__2_,routing,98.79,1.21
cbx_1__2_,routing,95.0,5.0
cbx_1__2_,routing,98.065,1.935
cbx_1__2_,routing,96.635,3.365
cbx_1__2_,routing,98.28,1.72
cbx_1__2_,routing,91.39,8.61
cbx_1__2_,routing,87.43,12.57
cbx_1__2_,routing,90.465,9.535
cbx_1__2_,routing,99.985,0.015
cbx_1__2_,routing,97.165,2.835
cbx_1__2_,routing,94.355,5.645
cbx_1__2_,routing,96.07,3.93
cbx_1__2_,routing,99.985,0.015
cbx_1__2_,routing,90.755,9.245
cbx_1__2_,routing,94.615,5.385
cbx_1__2_,routing,87.945,12.055
cbx_1__2_,routing,97.935,2.065
cbx_1__2_,routing,93.46,6.54
cbx_1__2_,routing,93.255,6.745
cbx_1__2_,routing,88.145,11.855
cbx_1__2_,routing,94.8,5.2
cbx_1__2_,routing,95.48,4.52
cbx_1__2_,routing,95.41,4.59
cbx_1__2_,routing,96.99,3.01
cbx_1__2_,routing,99.995,0.005
cbx_1__2_,routing,87.45,12.55
cbx_1__2_,routing,92.34,7.66
cbx_1__2_,routing,90.255,9.745
cbx_1__2_,routing,93.105,6.895
cbx_1__2_,routing,95.68,4.32
cbx_1__2_,routing,89.625,10.375
cbx_1__2_,routing,92.695,7.305
cbx_1__2_,routing,99.99,0.01
sb_1__2_,routing,89.645,10.355
sb_1__2_,routing,87.125,12.875
sb_1__2_,routing,87.06,12.94
sb_1__2_,routing,98.24,1.76
sb_1__2_,routing,73.21,26.79
sb_1__2_,routing,87.57,12.43
sb_1__2_,routing,91.395,8.605
sb_1__2_,routing,99.23,0.77
sb_1__2_,routing,89.885,10.115
sb_1__2_,routing,90.33,9.67
sb_1__2_,routing,92.49,7.51
sb_1__2_,routing,98.865,1.135
sb_1__2_,routing,78.725,21.275
sb_1__2_,routing,78.555,21.445
sb_1__2_,routing,97.795,2.205
sb_1__2_,routing,99.17,0.83
sb_1__2_,routing,84.03,15.97
sb_1__2_,routing,82.43,17.57
sb_1__2_,routing,97.17,2.83
sb_1__2_,routing,98.53,1.47
sb_1__2_,routing,97.665,2.335
sb_1__2_,routing,99.88,0.12
sb_1__2_,routing,97.405,2.595
sb_1__2_,routing,99.76,0.24
sb_1__2_,routing,97.71,2.29
sb_1__2_,routing,98.995,1.005
sb_1__2_,routing,93.625,6.375
sb_1__2_,routing,97.8,2.2
sb_1__2_,routing,98.13,1.87
sb_1__2_,routing,99.025,0.975
sb_1__2_,routing,98.84,1.16
sb_1__2_,routing,99.01,0.99
sb_1__2_,routing,95.755,4.245
sb_1__2_,routing,99.825,0.175
sb_1__2_,routing,90.095,9.905
sb_1__2_,routing,90.62,9.38
sb_1__2_,routing,84.98,15.02
sb_1__2_,routing,99.87,0.13
sb_1__2_,routing,82.295,17.705
sb_1__2_,routing,97.635,2.365
sb_1__2_,routing,82.155,17.845
sb_1__2_,routing,83.34,16.66
sb_1__2_,routing,97.275,2.725
sb_1__2_,routing,98.71,1.29
sb_1__2_,routing,96.89,3.11
sb_1__2_,routing,99.3,0.7
sb_1__2_,routing,95.0,5.0
sb_1__2_,routing,99.425,0.575
sb_1__2_,routing,94.6,5.4
sb_1__2_,routing,99.745,0.255
sb_1__2_,routing,96.025,3.975
sb_1__2_,routing,97.165,2.835
sb_1__2_,routing,99.785,0.215
sb_1__2_,routing,99.83,0.17
sb_1__2_,routing,98.9,1.1
sb_1__2_,routing,99.54,0.46
sb_1__2_,routing,85.98,14.02
sb_1__2_,routing,84.9,15.1
sb_1__2_,routing,88.375,11.625
sb_1__2_,routing,87.72,12.28
sb_1__2_,routing,88.615,11.385
sb_1__2_,routing,88.02,11.98
sb_1__2_,routing,88.66,11.34
sb_1__2_,routing,99.3,0.7
sb_1__2_,routing,86.8,13.2
sb_1__2_,routing,82.045,17.955
sb_1__2_,routing,92.19,7.81
sb_1__2_,routing,94.09,5.91
sb_1__2_,routing,92.24,7.76
sb_1__2_,routing,94.725,5.275
sb_1__2_,routing,96.365,3.635
sb_1__2_,routing,97.325,2.675
sb_1__2_,routing,89.6,10.4
sb_1__2_,routing,90.75,9.25
sb_1__2_,routing,94.955,5.045
sb_1__2_,routing,92.0,8.0
sb_1__2_,routing,91.26,8.74
sb_1__2_,routing,90.845,9.155
sb_1__2_,routing,99.27,0.73
sb_1__2_,routing,98.84,1.16
grid_io_top_2__3_,routing,10.435,89.565
grid_io_top_2__3_,routing,12.47,87.53
grid_io_top_2__3_,routing,10.15,89.85
grid_io_top_2__3_,routing,11.26,88.74
grid_io_top_2__3_,routing,10.25,89.75
grid_io_top_2__3_,routing,11.985,88.015
grid_io_top_2__3_,routing,21.13,78.87
grid_io_top_2__3_,routing,11.515,88.485
cbx_2__2_,routing,97.135,2.865
cbx_2__2_,routing,91.29,8.71
cbx_2__2_,routing,96.67,3.33
cbx_2__2_,routing,98.145,1.855
cbx_2__2_,routing,93.71,6.29
cbx_2__2_,routing,93.77,6.23
cbx_2__2_,routing,93.805,6.195
cbx_2__2_,routing,98.855,1.145
cbx_2__2_,routing,89.86,10.14
cbx_2__2_,routing,91.445,8.555
cbx_2__2_,routing,94.58,5.42
cbx_2__2_,routing,98.435,1.565
cbx_2__2_,routing,92.83,7.17
cbx_2__2_,routing,90.33,9.67
cbx_2__2_,routing,94.075,5.925
cbx_2__2_,routing,99.99,0.01
cbx_2__2_,routing,90.27,9.73
cbx_2__2_,routing,95.245,4.755
cbx_2__2_,routing,93.62,6.38
cbx_2__2_,routing,96.055,3.945
cbx_2__2_,routing,94.95,5.05
cbx_2__2_,routing,95.845,4.155
cbx_2__2_,routing,91.155,8.845
cbx_2__2_,routing,96.74,3.26
cbx_2__2_,routing,95.925,4.075
cbx_2__2_,routing,89.095,10.905
cbx_2__2_,routing,99.13,0.87
cbx_2__2_,routing,99.79,0.21
cbx_2__2_,routing,92.015,7.985
cbx_2__2_,routing,90.325,9.675
cbx_2__2_,routing,93.37,6.63
cbx_2__2_,routing,99.995,0.005
cbx_2__2_,routing,94.12,5.88
cbx_2__2_,routing,94.205,5.795
cbx_2__2_,routing,91.57,8.43
cbx_2__2_,routing,97.335,2.665
cbx_2__2_,routing,84.265,15.735
cbx_2__2_,routing,79.735,20.265
cbx_2__2_,routing,82.58,17.42
cbx_2__2_,routing,99.975,0.025
cbx_2__2_,routing,89.685,10.315
cbx_2__2_,routing,97.165,2.835
cbx_2__2_,routing,96.285,3.715
cbx_2__2_,routing,97.225,2.775
sb_2__2_,routing,87.305,12.695
sb_2__2_,routing,96.78,3.22
sb_2__2_,routing,89.62,10.38
sb_2__2_,routing,90.99,9.01
sb_2__2_,routing,98.14,1.86
sb_2__2_,routing,99.2,0.8
sb_2__2_,routing,98.525,1.475
sb_2__2_,routing,99.395,0.605
sb_2__2_,routing,88.5,11.5
sb_2__2_,routing,89.61,10.39
sb_2__2_,routing,77.43,22.57
sb_2__2_,routing,78.87,21.13
sb_2__2_,routing,78.135,21.865
sb_2__2_,routing,78.585,21.415
sb_2__2_,routing,95.81,4.19
sb_2__2_,routing,96.9,3.1
sb_2__2_,routing,91.725,8.275
sb_2__2_,routing,92.18,7.82
sb_2__2_,routing,78.185,21.815
sb_2__2_,routing,96.725,3.275
sb_2__2_,routing,97.295,2.705
sb_2__2_,routing,99.565,0.435
sb_2__2_,routing,94.365,5.635
sb_2__2_,routing,95.005,4.995
sb_2__2_,routing,86.395,13.605
sb_2__2_,routing,86.945,13.055
sb_2__2_,routing,97.135,2.865
sb_2__2_,routing,97.6,2.4
sb_2__2_,routing,97.61,2.39
sb_2__2_,routing,99.65,0.35
sb_2__2_,routing,90.635,9.365
sb_2__2_,routing,90.98,9.02
sb_2__2_,routing,72.665,27.335
sb_2__2_,routing,74.215,25.785
sb_2__2_,routing,96.68,3.32
sb_2__2_,routing,97.225,2.775
sb_2__2_,routing,74.37,25.63
sb_2__2_,routing,88.48,11.52
sb_2__2_,routing,95.265,4.735
sb_2__2_,routing,95.925,4.075
sb_2__2_,routing,95.415,4.585
sb_2__2_,routing,97.315,2.685
sb_2__2_,routing,93.33,6.67
sb_2__2_,routing,97.72,2.28
sb_2__2_,routing,69.77,30.23
sb_2__2_,routing,98.105,1.895
sb_2__2_,routing,92.805,7.195
sb_2__2_,routing,93.465,6.535
sb_2__2_,routing,97.89,2.11
sb_2__2_,routing,98.255,1.745
sb_2__2_,routing,92.76,7.24
sb_2__2_,routing,97.84,2.16
sb_2__2_,routing,88.005,11.995
sb_2__2_,routing,98.5,1.5
sb_2__2_,routing,76.39,23.61
sb_2__2_,routing,80.765,19.235
sb_2__2_,routing,91.885,8.115
sb_2__2_,routing,96.15,3.85
sb_2__2_,routing,86.92,13.08
sb_2__2_,routing,94.53,5.47
sb_2__2_,routing,95.425,4.575
sb_2__2_,routing,97.9,2.1
sb_2__2_,routing,98.525,1.475
sb_2__2_,routing,99.095,0.905
sb_2__2_,routing,91.785,8.215
sb_2__2_,routing,98.11,1.89
sb_2__2_,routing,74.31,25.69
sb_2__2_,routing,98.19,1.81
sb_2__2_,routing,94.41,5.59
sb_2__2_,routing,95.08,4.92
sb_2__2_,routing,96.815,3.185
sb_2__2_,routing,97.3,2.7
grid_io_right_3__2_,routing,6.955,93.045
grid_io_right_3__2_,routing,12.27,87.73
grid_io_right_3__2_,routing,10.565,89.435
grid_io_right_3__2_,routing,4.37,95.63
grid_io_right_3__2_,routing,9.345,90.655
grid_io_right_3__2_,routing,3.8,96.2
grid_io_right_3__2_,routing,6.69,93.31
grid_io_right_3__2_,routing,6.32,93.68
grid_io_right_3__1_,routing,5.96,94.04
grid_io_right_3__1_,routing,8.435,91.565
grid_io_right_3__1_,routing,17.785,82.215
grid_io_right_3__1_,routing,16.505,83.495
grid_io_right_3__1_,routing,15.05,84.95
grid_io_right_3__1_,routing,15.645,84.355
grid_io_right_3__1_,routing,7.83,92.17
grid_io_right_3__1_,routing,10.835,89.165
grid_io_bottom_2__0_,routing,17.425,82.575
grid_io_bottom_2__0_,routing,19.955,80.045
grid_io_bottom_2__0_,routing,19.13,80.87
grid_io_bottom_2__0_,routing,38.255,61.745
grid_io_bottom_2__0_,routing,28.39,71.61
grid_io_bottom_2__0_,routing,28.64,71.36
grid_io_bottom_2__0_,routing,20.14,79.86
grid_io_bottom_2__0_,routing,15.675,84.325
grid_io_bottom_1__0_,routing,29.165,70.835
grid_io_bottom_1__0_,routing,22.71,77.29
grid_io_bottom_1__0_,routing,15.45,84.55
grid_io_bottom_1__0_,routing,18.235,81.765
grid_io_bottom_1__0_,routing,21.355,78.645
grid_io_bottom_1__0_,routing,18.965,81.035
grid_io_bottom_1__0_,routing,22.805,77.195
grid_io_bottom_1__0_,routing,17.595,82.405
